{"cameraMode":{"drawMode":0,"name":"Shaded","section":"Shading Mode"},"sceneLighting":true,"audioPlay":false,"sceneViewState":{"showFog":true,"showMaterialUpdate":false,"showSkybox":true,"showFlares":true,"showImageEffects":true,"showParticleSystems":true,"showVisualEffectGraphs":true,"m_FxEnabled":true},"in2DMode":false,"pivot":{"x":0.5574930310249329,"y":1.9723721742630005,"z":-0.903459370136261},"rotation":{"x":-0.37847599387168887,"y":0.09471616894006729,"z":-0.038967203348875049,"w":-0.9199313521385193},"size":0.7141428589820862,"orthographic":false}