{"cameraMode":{"drawMode":0,"name":"Shaded","section":"Shading Mode"},"sceneLighting":true,"audioPlay":false,"sceneViewState":{"showFog":true,"showMaterialUpdate":false,"showSkybox":true,"showFlares":true,"showImageEffects":true,"showParticleSystems":true,"showVisualEffectGraphs":true,"m_FxEnabled":true},"in2DMode":false,"pivot":{"x":-0.30928581953048708,"y":0.621674656867981,"z":0.13876426219940186},"rotation":{"x":-0.24497507512569428,"y":0.25936299562454226,"z":-0.06819072365760803,"w":-0.9317099452018738},"size":0.4330126941204071,"orthographic":false}